Book Title,Author,Image Filename
Elementary I Ching,Turner,elementary-i-ching-turner-utopia-sacred-space.jpg
The Compleat Meadmaker,Schramm,the-compleat-meadmaker-schramm-utopia-sacred-space.jpg
The Heart of Aromatherapy,Andrea Butje,the-heart-of-aromatherapy-andrea-butje-utopia-sacred-space.jpg
A Gathering of Brilliant Moons,Gayley & Schapiro,a-gathering-of-brilliant-moons-gayley-and-schapiro-utopia-sacred-space.jpg
Brightening Our Inner Skies: Yin and Yoga,Norman Blair,brightening-our-inner-skies-yin-and-yoga-norman-blair-utopia-sacred-space.jpg
Bloom,Bronnie Ware,bloom-bronnie-ware-utopia-sacred-space.jpg
Reboot with Joe: Fully Charged,Joe Cross,reboot-with-joe-fully-charged-joe-cross-utopia-sacred-space.jpg
Archangels & Ascended Masters,Doreen Virtue,archangels-and-ascended-masters-doreen-virtue-utopia-sacred-space.jpg
Assertiveness for Earth Angels,Doreen Virtue,assertiveness-for-earth-angels-doreen-virtue-utopia-sacred-space.jpg
Essential Oils for Childbirth,Boldy,essential-oils-for-childbirth-boldy-utopia-sacred-space.jpg
Your Altar,Kynes,your-altar-kynes-utopia-sacred-space.jpg
The Crystal Experience,,the-crystal-experience-utopia-sacred-space.jpg
The Crystal Bible 3,,the-crystal-bible-3-utopia-sacred-space.jpg
The Feng Shui Bible,,the-feng-shui-bible-utopia-sacred-space.jpg
Wind and Water: Your Personal Feng Shui Journey,,wind-and-water-your-personal-feng-shui-journey-utopia-sacred-space.jpg
The Palmistry Bible,,the-palmistry-bible-utopia-sacred-space.jpg
The Aromatherapy Bible,,the-aromatherapy-bible-utopia-sacred-space.jpg
The Astrology Bible,,the-astrology-bible-utopia-sacred-space.jpg
The Mandala Bible,,the-mandala-bible-utopia-sacred-space.jpg
The Chakra Bible,,the-chakra-bible-utopia-sacred-space.jpg
The Meditation Bible,,the-meditation-bible-utopia-sacred-space.jpg
The Pocket Book of Stones,Robert Simmons,the-pocket-book-of-stones-robert-simmons-utopia-sacred-space.jpg
Visualizations for Self Empowerment,,visualizations-for-self-empowerment-utopia-sacred-space.jpg
Ostara: Customs,,ostara-customs-utopia-sacred-space.jpg
Nordic Runes,Mountfort,nordic-runes-mountfort-utopia-sacred-space.jpg
The Empath's Survival Guide,Judith Orloff MD,the-empaths-survival-guide-judith-orloff-md-utopia-sacred-space.jpg
Awakening Your Inner Shaman,Marcela Lobos,awakening-your-inner-shaman-marcela-lobos-utopia-sacred-space.jpg
A Handbook of Saxon Sorcery & Magic,Shumsky,a-handbook-of-saxon-sorcery-and-magic-shumsky-utopia-sacred-space.jpg
Awaken Your Divine Intuition,Shumsky,awaken-your-divine-intuition-shumsky-utopia-sacred-space.jpg
The Art of Manifesting,Colette Baron-Reid,the-art-of-manifesting-colette-baron-reid-utopia-sacred-space.jpg
The Let Them Theory,Mel Robbins,the-let-them-theory-mel-robbins-utopia-sacred-space.jpg
Spirit Talker,Shawn Leonard,spirit-talker-shawn-leonard-utopia-sacred-space.jpg
Walking with Your Spirit Totem Animals,Shawn Leonard,walking-with-your-spirit-totem-animals-shawn-leonard-utopia-sacred-space.jpg
You Are the Medicine,Asha Frost,you-are-the-medicine-asha-frost-utopia-sacred-space.jpg
Ho'oponopono: The Hawaiian Ritual of Forgiveness,Ulrich E. Dupree,hooponopono-the-hawaiian-ritual-of-forgiveness-ulrich-e-dupree-utopia-sacred-space.jpg
Perfect Just as You Are,Pema Chödrön,perfect-just-as-you-are-pema-chödrön-utopia-sacred-space.jpg
The Book of Stones,Robert Simmons & Naisha Ahsian,the-book-of-stones-robert-simmons-and-naisha-ahsian-utopia-sacred-space.jpg
Animal Spirit Guides,Steven D. Farmer,animal-spirit-guides-steven-d-farmer-utopia-sacred-space.jpg
The Book of Awakening,Nepo,the-book-of-awakening-nepo-utopia-sacred-space.jpg
Tarot for Light Seers,Chris-Anne,tarot-for-light-seers-chris-anne-utopia-sacred-space.jpg
Becoming Supernatural,Dr. Joe Dispenza,becoming-supernatural-dr-joe-dispenza-utopia-sacred-space.jpg
Earth Frequency,Alvarez,earth-frequency-alvarez-utopia-sacred-space.jpg
The Healing Power of Pyramids,Joseph Andrew Marcello,the-healing-power-of-pyramids-joseph-andrew-marcello-utopia-sacred-space.jpg
Modern Guide to Energy Clearing,Moore,modern-guide-to-energy-clearing-moore-utopia-sacred-space.jpg
All That the Rain Promises and More,Arora,all-that-the-rain-promises-and-more-arora-utopia-sacred-space.jpg
Step Into Your Movie,Vernon,step-into-your-movie-vernon-utopia-sacred-space.jpg
Home at Last: Happy Child Stories,Cheryvolu,home-at-last-happy-child-stories-cheryvolu-utopia-sacred-space.jpg
A Shelter of Her Own,Kumari MacGregor,a-shelter-of-her-own-kumari-macgregor-utopia-sacred-space.jpg
Option B,Sheryl Sandberg & Adam Grant,option-b-sheryl-sandberg-and-adam-grant-utopia-sacred-space.jpg
Shadowscapes Companion,Stephanie Pui-Mun Law,shadowscapes-companion-stephanie-pui-mun-law-utopia-sacred-space.jpg
The Once Upon a Time World,Hope West,the-once-upon-a-time-world-hope-west-utopia-sacred-space.jpg
An Intexact Science of the Heart,Alfred Pearce,an-intexact-science-of-the-heart-alfred-pearce-utopia-sacred-space.jpg
Backpacks and Bra Straps,Savannah Grace,backpacks-and-bra-straps-savannah-grace-utopia-sacred-space.jpg
More Together Than Alone,Mark Nepo,more-together-than-alone-mark-nepo-utopia-sacred-space.jpg
Cracking the Rich Code Vol. 16,Jim Britt & Kevin Harrington,cracking-the-rich-code-vol-16-jim-britt-and-kevin-harrington-utopia-sacred-space.jpg
Shero,Rebecca M,shero-rebecca-m-utopia-sacred-space.jpg
Dolphins Whales and Magical Tales,,dolphins-whales-and-magical-tales-utopia-sacred-space.jpg
Redefining Success,W. Brett Wilson,redefining-success-w-brett-wilson-utopia-sacred-space.jpg
Make Your Own Rules Diet,Tara Stiles,make-your-own-rules-diet-tara-stiles-utopia-sacred-space.jpg
Naked Chocolate,David Wolfe & Shazzie,naked-chocolate-david-wolfe-and-shazzie-utopia-sacred-space.jpg
The Essential Flower Essence Handbook,Lila Devi Stone,the-essential-flower-essence-handbook-lila-devi-stone-utopia-sacred-space.jpg
The Cancer Survivor's Garden Companion,Peterson,the-cancer-survivors-garden-companion-peterson-utopia-sacred-space.jpg
Crazy Sexy Cancer Survivor,Carr,crazy-sexy-cancer-survivor-carr-utopia-sacred-space.jpg
The Art of Fiction,John,the-art-of-fiction-john-utopia-sacred-space.jpg
The Sidewalk Artist,Gina Buonaguro & Gianni,the-sidewalk-artist-gina-buonaguro-and-gianni-utopia-sacred-space.jpg
Angry All the Time,Ronald Potter-Efron,angry-all-the-time-ronald-potter-efron-utopia-sacred-space.jpg
Glad No Matter What,Sark,glad-no-matter-what-sark-utopia-sacred-space.jpg
Reclaim Your Power,Dane Stevens,reclaim-your-power-dane-stevens-utopia-sacred-space.jpg
The Truth About Cancer,Ty M. Bollinger,the-truth-about-cancer-ty-m-bollinger-utopia-sacred-space.jpg
Weightless,Gregg McBride,weightless-gregg-mcbride-utopia-sacred-space.jpg
Your Soul's Whispers: A Journey of Awakening,Debbie Johnson,your-souls-whispers-a-journey-of-awakening-debbie-johnson-utopia-sacred-space.jpg
We Could Stay Here All Night,DEBBIE,we-could-stay-here-all-night-debbie-utopia-sacred-space.jpg
Law of Attraction,Michael Losier,law-of-attraction-michael-losier-utopia-sacred-space.jpg
Herb Magic,Scott,herb-magic-scott-utopia-sacred-space.jpg
I Can See Clearly Now,Dr. Wayne W. Dyer,i-can-see-clearly-now-dr-wayne-w-dyer-utopia-sacred-space.jpg
Alternative Cures,Bill Gottlieb,alternative-cures-bill-gottlieb-utopia-sacred-space.jpg
Outliers: The Story of Success,Malcolm Gladwell,outliers-the-story-of-success-malcolm-gladwell-utopia-sacred-space.jpg
The Road Less Traveled,M. Scott Peck,the-road-less-traveled-m-scott-peck-utopia-sacred-space.jpg
Truth or Dare,Starhawk,truth-or-dare-starhawk-utopia-sacred-space.jpg
Healing to Age of Enlightenment,Stanley,healing-to-age-of-enlightenment-stanley-utopia-sacred-space.jpg
Healing Emotions,Goleman,healing-emotions-goleman-utopia-sacred-space.jpg
The Girl on the Train,Paula Hawkins,the-girl-on-the-train-paula-hawkins-utopia-sacred-space.jpg
News of the World,Paulette Jiles,news-of-the-world-paulette-jiles-utopia-sacred-space.jpg
The Infinity Years of Avalon James,M. Middleton,the-infinity-years-of-avalon-james-m-middleton-utopia-sacred-space.jpg
Rhythms and Roads,Victoria Erickson,rhythms-and-roads-victoria-erickson-utopia-sacred-space.jpg
Spritual Healer to New Brunswick's Leprosy Victims,Losier,spritual-healer-to-new-brunswicks-leprosy-victims-losier-utopia-sacred-space.jpg
Alternative Medicine Guide to Women's Health 2,,alternative-medicine-guide-to-womens-health-2-utopia-sacred-space.jpg
The Gerson Therapy,Charlotte Gerson & Morton Walker,the-gerson-therapy-charlotte-gerson-and-morton-walker-utopia-sacred-space.jpg
The Shadow Effect,Chopra,the-shadow-effect-chopra-utopia-sacred-space.jpg
Minding the Body,,minding-the-body-utopia-sacred-space.jpg
